,Tags
0,Monestry
1,Cruise
2,Museum
3,Craft 
4,Mall
5,Saree
6,Lounge
7,Bhojpuri
8,Sauna
9,Grocery
10,Sushi
11,African
12,Snowboarding
13,Bar
14,Indian
15,Island
16,Bistro
17,Resort
18,Peak
19,Thrift Store
20,Electronics
21,Sailing
22,Airport
23,Bhaji Pav
24,Tanning Salon
25,Tea Shop
26,Dam
27,Street Food
28,Landmark
29,Auto Parts 
30,Shopping Street
31,Appliance
32,Convenience
33,Cocktail Bar
34,Lassi
35,Acupuncture
36,Specialty Food
37,Paratha
38,Sanctuary
39,Spa
40,North Indian
41,Garden Center
42,Pedestrian Street
43,Kebab House
44,Kathiyawadi
45,Taco Stand
46,Oyster Bar
47,Distillery
48,Cafe
49,Ethiopian
50,Indonesian
51,Peruvian
52,Hill
53,Archery Range
54,Gourmet Food
55,Masala Dosa
56,Deli
57,Outlet
58,Zoo
59,Computer
60,Egyptian
61,Idli House
62,Cake Shop
63,Stargazing Spot
64,Salt Cave
65,Mindfulness 
66,Masjid
67,English Pub
68,Statue
69,Mangalorean
70,Kadai Paneer
71,Locho
72,Dessert
73,Lassi
74,Greek 
75,Pho Noodle
76,South Indian
77,Ayurvedic 
78,Library
79,Restaurant
80,University
81,Flea Market
82,Kebab
83,Chole Bhature 
84,Garden
85,Infrared Sauna
86,Buddihist
87,Boutique
88,Manipuri
89,Rasmalai
90,Amusement Park
91,Swedish
92,Ski Resort
93,Kerala
94,Home Decor
95,Jalebi
96,Pesarattu
97,Roti
98,Department Store
99,Wine Tasting 
100,Restro
101,Retreat Center
102,Greek
103,Thali 
104,Boutique
105,Vegan
106,Cakery
107,cruise
108,Chocolatier
109,Shopping
110,Bakery
111,Dutch
112,Paneer Tikka 
113,Veg
114,Juice
115,Bengali
116,Vav
117,Historical Site
118,River
119,Naan
120,Tandoori
121,Gurudwara
122,Resort 
123,Pani Puri 
124,Paragliding
125,Valley
126,German
127,Ice Cream
128,Spa
129,Pilates 
130,Donuts
131,Mount
132,Hair Salon
133,Vineyard
134,Fashion
135,Goan
136,Biryani
137,Beaches
138,Kachori
139,City Tour
140,Garhwali
141,Jodhpuri
142,Cheese
143,Archaeological Park
144,Day Spa
145,Jewelry 
146,Drive-In
147,Helicopter Tour
148,Surfing
149,Gallery
150,Market
151,Italian
152,Baker
153,Beach Shack
154,Maharashtrian
155,Lighthouse
156,Wildlife
157,Spanish
158,Dhaba
159,Vietnamese
160,Anglo-Indian
161,Cave
162,Mizo
163,French
164,Physical Therapy
165,Pub
166,Super Market
167,Sandwich 
168,Vietnamese
169,Steam Room
170,Taproom
171,Pastry 
172,Playground
173,Video Game
174,Fort
175,Toy Store
176,Fine Dining
177,Couture
178,Malai Kofta 
179,Opera House
180,Food Court
181,Hot Springs
182,Mall
183,Food Market
184,Conference 
185,Noodle
186,Photography 
187,Sports 
188,Holistic Center
189,Family 
190,Safari
191,Historical Tour
192,Rasgulla
193,Clinic
194,Heritage
195,Organic
196,Brewery
197,Live Music
198,Hill
199,Naan
200,Steakhouse
201,Russian
202,Mosque
203,Falls
204,Football Field
205,Silk Emporium
206,Cafe
207,Sweets
208,Coastal
209,Korma
210,Equestrian 
211,Collage
212,Thai
213,Butcher Shop
214,Rajasthani
215,Argentinian
216,Coffee
217,Golf Course
218,Upma
219,Moroccan
220,Irish
221,Chinese
222,Awadhi
223,Stationery
224,Karaoke Bar
225,Fried Chicken 
226,Italian 
227,Khichdi
228,Art Gallery
229,Afghan
230,Cold Drinks
231,Rock Climbing 
232,Supplement 
233,Waffle
234,Pharmacy
235,Hot Air Balloon
236,Mexican
237,Pakora Stall
238,Bhelpuri
239,Paratha Shop
240,Idli
241,Bridge
242,Mutton Biryani
243,Cave
244,Uttar Pradesh
245,Poha
246,Seafood 
247,Archaeological Site
248,Waterfalls
249,Halotherapy Center
250,Roti Wala
251,Sweets
252,Sports Bar
253,BBQ
254,Art Supply 
255,Thai 
256,Bar
257,Club
258,Reflexology
259,Tour
266,Piano Bar
267,Chaat
268,Mughlai
269,Heritage 
270,Barber
271,Fish 
272,Cycling
273,Memorial
274,Tibetan
275,Palak Paneer
276,Wellness 
277,Court
278,Badminton Court
279,Gymnasium
280,Street Food 
281,Spice Shop
282,Gelateria
283,Bird Watching
284,Maldivian
285,Cryotherapy Center
286,Plantations
287,Reserve
288,Beach
289,Irish
290,Buddha
291,Music
292,Theater
293,Diving
294,Dosa
295,Bicycle Path
296,Sikkim
297,Wine 
298,Australian
299,Beauty Salon
300,Andaman and Nicobar
301,Lucknowi
302,Scandinavian
303,Farmers' Market
304,Sunset Point
305,Bowling Alley
306,None
307,Coffee Roastery
308,Mandir
309,Stepwell
310,Guesthouse
311,Herb 
312,Lebanese
313,Race Track
314,Sushi Bar
315,Brazilian
316,Nature Park
317,Brewpub
318,Cheese Shop
319,Spa
320,Bhel Puri 
321,Kulfi
322,Trade Fair
323,Chiropractic
324,Liquor 
325,Meditation 
326,Pulao
327,Hypermarket
328,Middle Eastern
329,Australian
330,Gift Shop
331,Wellness 
332,Malaysian
333,Maqbara
334,Mexican 
335,British
336,Pav Bhaji
337,Gardens
338,Cocktail
339,Bagel
340,memorials
341,Theme Park
342,Convention Center
343,Bazzar
344,Irani
345,Pav Bhaji
346,Gujarati
347,Kebab
348,Paintball 
349,Bookstore
350,Camping
351,Donut 
352,Sikkimese
353,Nail 
354,Hyderabadi
355,Bistro
356,Bhaji
357,Memorial Hall
358,Floatation Center
359,Himachali
360,Caves
361,Parsi
362,Rajma
363,Botanical Garden
364,Planetarium
365,South Indian
366,Salad Bar
367,Vada
368,Paneer
369,Club House
370,Vegetarian
371,Tavern
372,College
373,Fitness
374,Rice Terrace
375,Rafting
376,Relaxation 
377,Beer Store
378,Spanish 
379,Meghalayan
380,Ethnic
381,Foot Spa
382,Waterfall
383,Biryani 
384,Health Food 
385,Adventure Tour
386,Specialty 
387,Swiss
388,Science Centre
389,Observatory
390,Popcorn 
391,Smoothie 
392,Vintage 
393,Ashram
394,Go-Kart Track
395,Jain
396,Curry
397,Dahi Vada
398,Detox 
399,Cosmetics 
400,Beer Garden
401,Nature Trail
402,Barbecue 
403,Hot Springs
404,Cricket Ground
405,Scenic Viewpoint
406,Water Park
407,Gulab Jamun 
408,Diner
409,Hostel
410,Park
411,Cheesecake
412,Health Club
413,Bhindi Masala
414,Brazillian
415,Gajar Halwa
416,Chaat Stall
417,Kachori
418,Tearoom
419,Ethiopian
420,Basilica
421,Pet Store
422,Lake
423,Church
424,Accessory
425,Masala Dosa 
426,Cheesemonger
427,Marine Park
428,Safari
429,Cidery
430,Cave
431,Egyptian
432,Fishing
433,Lodge
434,Chinese Medicine
435,Konkani
436,Sake 
437,Wellness
438,Thali
439,Chettinad
440,Tandoori 
441,Resort
442,Massage 
443,Hot Dog 
444,Adventure 
445,Mediterranean
446,Tea House
447,Craft 
448,Outdoor 
449,Sunrise Point
450,Winery
451,American
452,Snacks
453,Vegetable
454,Beauty Spa
455,Northeastern
456,Barbecue
457,Gota
458,Saffron Fields
459,Causeway
460,Reef
461,Barbeque
462,Butter Chicken
463,Malvani
464,Sports Goods 
465,Misal
466,Coconut Chutney
467,Sindhi
468,Israeli
469,Mountain Range
470,Picnic Spot
471,Exhibition
472,Odisha
473,Vada Pav 
474,Ruins
475,Fish and Chips
476,Karnataka
477,Mysore Masala Dosa
478,Iranian
479,Street Food
480,Market 
481,Shrine
482,Candy
483,Indian 
484,Korean
485,Jacuzzi
486,Kande Pohe
487,Cinema
488,Hiking
489,Burger 
490,Chinese 
491,Rehabilitation 
492,Mount
493,Beauty Supply 
494,Tamil
495,Locally Sourced 
496,Drinks
497,Curry
498,Kulfi Corner
499,Clothing 
500,Canteen
501,Coffee
502,Fruit Stand
503,Sweet 
504,Malai Kofta
505,Fondue
506,Aloo Tikki
507,Yoga
508,Swiss
509,Japanese
510,Street
511,Cultural Tour
512,Bathhouse
513,Gym
514,Ski Center
515,Tennis Court
516,Assamese
517,Chaat
518,Volleyball Court
519,Turkish
520,Caf√©
521,Bicycle Shop
522,Mess
523,Punjabi
524,Rainforest
525,Adventure Sports
526,Snorkeling
527,Farm
528,Raita
529,Shooting Range
530,Swimming Pool
531,Chocolate
532,Food Truck
533,Ice Skating 
534,Tripuri
535,Farmers Market
536,Locho
537,Bread
538,Khasi
539,Olive Oil 
540,Dhokla 
541,Night Market
542,Music Store
543,Sporthall
544,Boat Tour
545,Boating
546,Museum
547,Massage Center
548,Middle Eastern
549,Andhra
550,Forest
551,Misal Pav
552,Gastropub
553,River
554,Biriyani
555,Harbor
556,Coffee
557,Rajput
558,Gourmet Market
559,Antique Store
560,Hyderabadi Biryani 
561,Sweets 
562,Ramen
563,Skiing
564,Thermal Spa
565,Gulab Jamun
566,Sweet
567,Rogan Josh
568,Rajma Chawal 
569,Irish Pub
570,Film Festival
571,Salon
572,Indonesian
573,Pizzeria
574,Riverwalk
575,Kolkata
576,Delicatessen
577,Family Entertainment
578,Farm-to-Table 
579,Bhel
580,Health Spa
581,Entertainment
582,Kashmiri
583,Samosa 
584,Naga
585,Brasserie
586,Confectionery
587,Buffet 
588,Monument
589,Furniture
590,Frozen Yogurt 
591,Nature Tour
592,Food Hall
593,Chole Bhature
594,Herbal 
595,Sanctuary
596,Supermarket
597,Cultural Center
598,Wildlife
599,Hill Station
600,Wellness Spa
601,Fish Curry
602,Aromatherapy 
603,Temple
604,Castle
605,Lake
606,Picnic Garden
607,Bay
608,Fitness Trail
609,Ladakhi
610,Bazaar
611,Ghat
612,Bihari
613,National Park
614,Kheer
615,Music Festival
616,Wine Bar
617,Vada Pav
618,Promenade
619,Jalebi
620,Plaza
621,Drive-Thru
622,Meat Shop
623,Chocolate 
624,Samosa
625,Mahal
626,Kitchen
627,Jamaican
628,Cupcake Shop
629,Skating Rink
630,Pani Puri
631,Pyramids
632,Beer
633,Fast Food 
634,Grill
635,Japanese
636,Yoga 
637,Spice Farm
638,Pakora
639,Chapati
640,Railway Station
641,Library
642,Fast Food
643,Danish
644,Deli
645,Kayaking
646,Basketball Court
647,Campground
648,Gelato
649,Outdoor
650,Indoor
651,Mountain
652,Nightclub
653,Shoe Store
654,Field
655,Vav
656,Stepwell
657,Festival
658,Restaurant
659,Sushi
660,Cathedral

